,A,B,C,D
2000-01-01,-0.8989628443136023,-0.2814264051439855,0.006483841887862245,0.32266031497783765
2000-01-02,-1.814582350437226,0.8893187081904546,-0.7777341735528815,1.408930996318165
2000-01-03,-1.0117600049346396,0.3337381263406096,-0.6068952027208965,2.5061363112025576
2000-01-04,-2.1323032167097904,0.06312542358280054,-0.8677727371855581,2.7782394107064396
2000-01-05,-3.3238315667493783,1.1319831580013406,-0.9900117710604728,2.6509643341763693
2000-01-06,-2.957864473500152,0.8938501202693,-1.02066788913002,2.3567075856353097
2000-01-07,-2.1891553794335663,0.3974006666366264,0.15535578862620625,1.4184119715428247
2000-01-08,-3.309767120424339,-0.6134403384109421,-0.32472706326952633,2.217420918053995
2000-01-09,-2.9718010283050385,-0.7026364707707693,-1.366957593431831,0.5426373345369515
2000-01-10,-3.795075100721557,-0.13682124931491035,-2.0605672295295054,-0.8041452360547823
2000-01-11,-2.4616620732928167,-1.6313679771198273,-2.230393829895497,-0.8203463338826663
2000-01-12,-2.1191570942919467,-2.776983965444236,-1.5248760956531906,1.062186624777592
2000-01-13,-3.9421649463303026,-2.737974643778893,-1.184103416751257,0.19575777181817888
2000-01-14,-4.2106297121198075,-3.904363449339541,-1.894719232192438,0.17432482942782526
2000-01-15,-3.1091735083653624,-3.765898257163605,-1.387610811612583,-1.2151224351070227
2000-01-16,-4.533185944130786,-4.289820993495823,-0.469736763161716,-0.028736806645121904
2000-01-17,-6.132209820952682,-5.213659525592846,-0.6437070032704777,-1.4502906350405667
2000-01-18,-5.725491698938207,-3.680777970083911,-1.1124389295444277,-1.3960846024397617
2000-01-19,-6.2340729977837865,-4.645052063764347,0.5231136128735787,-1.9139042134913207
2000-01-20,-6.618763614759879,-3.476780290191857,-0.2980029193121261,-0.7390090883054319
2000-01-21,-5.667729458578167,-2.745299952348898,1.3183897995688674,-1.7554776352787198
2000-01-22,-7.078882234741289,-1.945530354785755,1.115671872029801,-1.2657806591636187
2000-01-23,-5.636869193662135,-2.905776499159746,1.2701997969091008,-1.4878252790914497
2000-01-24,-6.310857186095042,-2.8434155606959197,1.539746040260264,-2.848032520260098
2000-01-25,-5.461194046527717,-1.644250951943079,2.100330465780007,-0.7025151584116935
2000-01-26,-6.4573778825588235,-1.9960740756242776,2.58581638885864,1.7529265967970171
2000-01-27,-4.6778749093661585,-1.3754676179796046,3.1530208200840963,0.6917844260185995
2000-01-28,-4.232633851855771,-0.3775209362811037,3.0346804113714354,0.7491721292674355
2000-01-29,-4.376177167484558,-0.371479400830796,3.543882695638878,0.7665201877699922
2000-01-30,-3.7222431954171604,-0.777931807640053,3.4318770409329487,0.3225628980912208
2000-01-31,-2.7251102432145897,-0.9768324260800387,3.384671990958639,-0.6157814334482712
2000-02-01,-1.8982720855891584,0.8467229119411512,2.721840884233828,-0.6326724141439938
2000-02-02,-3.0283321382587163,1.132357515971501,3.1112609686084842,-0.4438718333358056
2000-02-03,-3.0926761369662303,0.8908776667094386,2.7467865504461395,1.1864221850896126
2000-02-04,-3.084014306877355,1.3014135600925818,3.918388560590035,2.0375911725269056
2000-02-05,-0.5673556019066761,1.212469575679321,4.458118407549255,1.9091775476471984
2000-02-06,-1.3196286124634329,2.9123855911066965,4.9252433381449805,1.8978821024895602
2000-02-07,-3.318492525177999,2.3783492510262034,7.139017003214921,0.39188814348123335
2000-02-08,-2.726071293134524,3.4392197496599612,7.656260091390304,0.3302970732050635
2000-02-09,-3.8017824644614127,3.1515811458431457,7.858019968977081,0.9305506179013224
2000-02-10,-3.996484663188867,3.800262170833313,8.113530034432122,0.7517921785837225
2000-02-11,-1.2709211347606204,2.6456054353567,9.693997978412087,2.807255926945663
2000-02-12,-1.3643770194397824,1.7068167742988951,10.769836427600204,2.7926419388765034
2000-02-13,-0.6688423504638492,1.7628194934472172,10.905243097506158,2.1454922365738645
2000-02-14,-0.35201371776704177,1.5600401991950301,10.305181551606484,1.467219100787252
2000-02-15,0.2221478824336694,2.800829730460241,9.881210599104783,1.2746902371723787
2000-02-16,0.299588130722798,3.23477481644794,8.738106802558978,0.38192032522709585
2000-02-17,2.1521649589209098,4.755041929382325,7.923426681774613,0.06901089575661395
2000-02-18,1.3398835360550634,4.830033225228916,7.889854879616524,0.36573450470824437
2000-02-19,1.1912808636684395,4.770424625574793,9.060058266597295,1.5253480743928585
2000-02-20,0.8502115391421021,4.647749211275375,8.522526625095823,1.5276759378190448
2000-02-21,-0.07406186244897661,3.4152659635013336,7.447558889124932,1.312943933383242
2000-02-22,-0.9392031351365733,2.889096429230464,6.928981798793078,0.5157917520253312
2000-02-23,0.07423430106204232,1.439225357148127,7.6327404004334305,0.853073557040229
2000-02-24,2.0106304790421397,0.8608442718901487,8.190124630654902,-0.6768517250491708
2000-02-25,2.2450332636218007,1.3345510461739127,10.117950328499155,-1.1664207139043308
2000-02-26,1.7236799851351492,1.8073462829996565,11.070244652340275,-0.5483745788455738
2000-02-27,2.5592345628964464,1.5601585434182925,12.260870370384904,0.203885374005899
2000-02-28,1.7732685357103755,3.266470250989477,13.347507490165622,0.7949862482259277
2000-02-29,1.5444696329564214,3.4322725878050044,14.584797435733787,0.64205246587007
2000-03-01,2.487192954792855,1.251557607704672,14.94355429173551,0.8470082304767079
2000-03-02,3.1264194865475017,1.3268140312362,15.462790641672253,-0.7156942678093718
2000-03-03,3.9614030015663984,1.874882673191669,16.11393632056981,-1.7556942301983203
2000-03-04,4.514675636076559,2.3587520368221098,15.841002793320593,-2.743491849141453
2000-03-05,4.463992057903483,2.696592283063261,15.490137136287629,-3.038296545316569
2000-03-06,5.273499522414775,3.50942281408451,14.951610058793408,-3.552593138700696
2000-03-07,6.897225137535868,3.9322907760455377,16.83890231254285,-3.6528739241220523
2000-03-08,7.394245386545759,3.42624430309251,16.522148615325563,-5.19920829257615
2000-03-09,7.963875119134224,4.325190882398375,17.37185059021304,-3.911063206266546
2000-03-10,8.547549697820559,5.597682252835899,18.44873860023285,-4.041627285795505
2000-03-11,9.933691731808239,6.262514087035839,18.694165124564464,-4.140272251950714
2000-03-12,9.956001240573984,7.3750327704821865,18.000926879906856,-5.0407877092682565
2000-03-13,10.93221058367713,8.615625929425583,18.866845595725987,-4.739693584376699
2000-03-14,11.101190837396192,7.30375359258901,18.89520089387517,-4.245195421471299
2000-03-15,10.090696177079812,6.465889924974558,19.95589601702906,-4.158599939980587
2000-03-16,9.999548377677883,6.290308498661724,19.41962108903171,-3.8230346224699283
2000-03-17,11.264713555008733,7.0140846184497025,21.266533442062695,-3.9145426996208323
2000-03-18,10.141533925706401,7.707779168881324,21.49111469296382,-5.736088693798571
2000-03-19,9.021753003201049,7.432248438787464,23.81442741379663,-5.256976662263996
2000-03-20,9.462582343535107,7.079583483909094,20.720940225133067,-5.195735564480099
2000-03-21,10.378301560624768,5.34717332846223,20.404205627866325,-4.440773867930719
2000-03-22,11.25210615107592,4.552791243925314,20.078198357221233,-3.923555463209027
2000-03-23,12.580109832045286,3.2567878219054154,20.43939248715747,-4.893083297768844
2000-03-24,13.181458411000648,4.424856441410942,21.611310189753507,-5.145216351910645
2000-03-25,12.673177960445827,2.875881066645408,23.09525603990604,-4.951090420050565
2000-03-26,12.09535244299954,4.136564390841745,23.065880401194313,-4.252463823645852
2000-03-27,12.49490848585182,4.904600497598256,22.93037714325227,-4.6146939742326705
2000-03-28,12.957020782967533,2.9323618628764816,23.20845563312179,-4.255608146637892
2000-03-29,12.481134399214735,1.3727596467674692,24.5001809835445,-2.2429955473957124
2000-03-30,11.529510356501607,2.381585808654018,24.912934821546987,-1.6753957659972287
2000-03-31,11.17735973873657,2.288916248892421,25.785317699992685,-1.2879851154904927
2000-04-01,11.311875548601211,4.401035122541204,26.54630101643874,0.3331720266007676
2000-04-02,10.811265034958195,3.9221839380297614,26.74434256237412,0.6380972155852085
2000-04-03,9.282477076332558,4.05011736534706,25.408125992699638,0.9488183777465413
2000-04-04,10.787461650412007,3.62885405253222,24.950252834039652,2.0101538979023874
2000-04-05,10.982943672971874,2.714479153595381,24.455551814750667,2.980645874077492
2000-04-06,11.512335451586347,2.4186907535357123,23.60846392705585,1.9862250400401558
2000-04-07,11.521290313572655,2.944337422404265,23.457474367240007,2.01052914993091
2000-04-08,12.243887050036788,3.1124353904534443,24.097497061659006,-0.3467535829947428
2000-04-09,12.246784160970414,4.336375711656506,24.297656167763556,2.3035178997704158
2000-04-10,14.230224999115613,4.939736957994383,24.283335404750698,3.4597967614566327
2000-04-11,14.859130927107582,5.496731500762682,23.697358784655517,4.745765421770276
2000-04-12,13.482138956417216,5.973936193802249,23.36331837047983,4.971262475237278
2000-04-13,12.403595546309065,5.856889647167484,22.06997454737615,3.676783312885921
2000-04-14,11.515752694273083,6.297972693403233,22.53127560142792,4.56063544371974
2000-04-15,11.424846827545418,6.016867081828542,22.930143758768978,5.386141697667902
2000-04-16,10.73104086990215,5.321432280295685,23.82005604311403,5.478095472182951
2000-04-17,11.046683970412207,5.1624178754878525,23.721818006364256,8.71588938950651
2000-04-18,10.9985960612396,6.007036759256762,23.551687287867882,8.540137438101313
2000-04-19,12.132701555498928,5.298194193874007,22.621364265201734,10.225635897942201
2000-04-20,13.22721504025352,5.160986961644384,22.327049472408643,9.005351452541875
2000-04-21,13.545014472523087,5.217635580072552,21.64413001736392,8.53428802569463
2000-04-22,13.443537726512918,5.912194204689302,22.79827020913726,7.836062042705951
2000-04-23,13.442785195420555,5.298313409814123,23.35161116475856,7.75357445423953
2000-04-24,13.735039732592494,4.749806959740148,21.86004088548062,6.244398861075356
2000-04-25,14.978056032174553,3.683580885018579,22.17950742552813,7.940584605881527
2000-04-26,15.259673563477955,1.856854806140917,21.551597433746277,8.061294853842622
2000-04-27,15.939718833582242,1.1994164561953515,21.197478736160924,9.625496910823317
2000-04-28,17.362705104200376,2.3398793587216073,22.19938640920638,8.463171802516854
2000-04-29,17.40730327053519,2.9880295445945553,22.676380948903827,9.180915735103692
2000-04-30,16.03461685133565,3.0796634801064178,21.75890799960779,8.955030457108045
2000-05-01,15.515240318368509,3.4845826648507465,21.32300761317547,8.773448433036044
2000-05-02,15.173480990010813,3.1122975568347035,21.478236588654422,10.197684789534067
2000-05-03,16.5751378500739,3.484116536371388,21.81113092437199,10.722092729076627
2000-05-04,16.61150674073109,3.562833259595922,22.30928664190964,11.270616835194454
2000-05-05,15.526943851442809,5.369683346100917,23.40620278348213,11.765022800865637
2000-05-06,15.090145079312993,8.235309181317305,23.474225652948302,13.328686889366963
2000-05-07,14.437502546218743,9.736148276095598,22.569833763292657,13.20413633466075
2000-05-08,14.734738745625716,9.900942278946724,23.85097055444044,12.696260517483562
2000-05-09,15.259805226560248,9.375267682512074,22.99436867064193,12.669890261560951
2000-05-10,16.414057335090487,9.02941203898283,22.203832702483425,11.779774816867269
2000-05-11,15.550952985638965,6.459373702142843,22.422187554876295,11.212887948999581
2000-05-12,15.852733369776955,6.3908224165538945,21.961899158405323,10.290137488144053
2000-05-13,14.842229692440416,6.029382721565991,20.994949034670586,10.405486065279065
2000-05-14,16.3414269062985,5.309178132629787,21.00036068554515,10.144845120249297
2000-05-15,16.071786500065485,5.322466122241924,20.3166133384514,11.777197804786468
2000-05-16,17.47524696807064,5.40124569883875,20.139497030497644,12.00065832839037
2000-05-17,16.053775427501787,4.834254933312745,19.873203336935877,12.82971431930665
2000-05-18,15.371733894657574,4.1657577237942505,21.007795010165353,11.917537956630687
2000-05-19,15.683989655716344,4.13719605695616,22.211256926681493,12.044276194490184
2000-05-20,15.811089257004458,3.515152055275531,20.676980161604273,12.209702008941738
2000-05-21,16.58472601274765,3.690214505262291,21.130705158486506,10.906020825203163
2000-05-22,16.253935244348586,5.345231266910599,21.499863261127075,11.240809971801326
2000-05-23,18.05713433471271,5.390150441670809,19.846852220591856,11.334386563790945
2000-05-24,18.985724392478254,4.517072819279148,17.88624900716752,12.334783032101948
2000-05-25,18.378297858505796,4.406578663507636,18.269754963422574,12.824049565172775
2000-05-26,18.583476462686107,5.899774713134114,18.319945889748418,13.329829839622574
2000-05-27,18.307751121192993,5.092252383756954,16.806277884383828,10.863050825043254
2000-05-28,19.00894643253519,4.5198258770573485,17.17028296146046,12.57497676425913
2000-05-29,19.24917945083208,4.101476865621429,14.551472745873433,12.007476175186255
2000-05-30,21.158089373559484,4.463490758901478,12.731637778417685,12.856053623411793
2000-05-31,20.28945023168296,3.3268151040351563,13.277114549638593,12.259893265571304
2000-06-01,21.801718064134878,3.6688637289339794,14.361398185344013,12.784986917498083
2000-06-02,21.410472476943422,2.67854581768324,15.616801251998394,12.199560823643752
2000-06-03,21.76726271725869,3.125757602754071,16.954182672776966,11.484201420759595
2000-06-04,21.20523573196444,4.602403535917869,14.999048374665222,10.509560535810591
2000-06-05,19.95770566074882,4.569357786756829,16.071712821134472,10.294535451430344
2000-06-06,17.847572292118915,6.158336151388319,15.70371579815734,10.524594351625938
2000-06-07,18.4397909720488,7.087540953300193,14.687221869694476,10.723872086881883
2000-06-08,18.499383754767948,7.0226770950558155,14.806252586534349,10.514972730970731
2000-06-09,20.39538040979737,7.388647811223381,15.083964881608608,12.058128647568235
2000-06-10,20.55862881012077,5.835008884670115,15.40059816453495,12.421843896848713
2000-06-11,19.870164561511974,6.599138088338046,16.53221608780047,12.441622626783232
2000-06-12,22.27869132286043,9.35882028090959,16.00886468371526,11.93541616810884
2000-06-13,22.65647765591304,7.687775648341316,15.141425488166401,10.864813094814668
2000-06-14,22.164266928696374,7.3133360024538785,15.969423614101464,11.211055527753443
2000-06-15,22.721525752478932,7.300775731603314,15.599312273931236,11.600196393921925
2000-06-16,23.53575674012877,9.613053854098851,15.349805312145039,10.833376128502083
2000-06-17,23.12008895654498,10.045432363801046,16.55965359616702,10.339505352206466
2000-06-18,23.48201867424958,8.890967166938777,15.153249871758293,11.538275372142946
2000-06-19,24.71167639663284,9.402487660117306,15.407705219301446,11.557775673243547
2000-06-20,25.01217451249971,7.7505884854585,16.494729961023612,11.898089592203664
2000-06-21,24.72681440895563,7.4367984468845965,15.380127065083709,11.402943290213763
2000-06-22,24.362098784708408,7.163209943602585,16.555420419950625,11.774057647208929
2000-06-23,24.647879477222865,7.2398210185366745,16.92841910845911,10.179002762653852
2000-06-24,24.85315793710741,5.970546872482977,16.27199303552515,11.701920450983746
2000-06-25,25.00249470576991,5.323937066816208,15.192763396357304,12.70394428257726
2000-06-26,24.81856480331712,5.27934533714945,14.538945651828184,11.709935052965477
2000-06-27,26.232579249233854,4.609117472166262,14.545859742476345,11.270730113066298
2000-06-28,25.78897117347901,4.183438697197042,13.624264611778754,10.981336261956624
2000-06-29,25.757244839541958,4.917449337716016,13.91240110082503,10.461984430685272
2000-06-30,23.309295198436953,4.187889259642456,12.673500978785802,10.411008059454852
2000-07-01,22.99040705056665,4.2208863420460885,12.986295437154938,11.206021927775916
2000-07-02,22.580106737948576,5.12486235065407,13.486449186751956,11.354110409095783
2000-07-03,23.220462039241472,4.313603342410092,15.223358759920417,10.147012063350303
2000-07-04,23.596051907514354,6.173460039091654,14.364339309321865,8.500827767436078
2000-07-05,22.953329721878198,6.005750176531237,15.182591381580737,7.552917276619084
2000-07-06,21.466808964954424,4.323645684789958,14.60272784154838,5.981157053150786
2000-07-07,20.823958485651968,5.2841131391697935,13.996670702916012,5.138749801525558
2000-07-08,20.865173851282194,5.356919845991272,14.892741777245993,5.114207384922969
2000-07-09,20.395338108894034,6.568538047370114,15.33680769214103,6.09779878042459
2000-07-10,20.591493600907064,6.859498828060075,15.023972345177262,6.364806047082761
2000-07-11,19.311968023932423,6.829384288789712,15.189386798811768,5.5898672959224776
2000-07-12,19.061737171539743,7.59288832846459,16.821777846084284,5.136733488649443
2000-07-13,18.98703088813977,7.924933243547599,17.238238261395633,4.008306311865399
2000-07-14,18.74005885756146,8.36774920124648,16.527374009135084,2.4711727952829206
2000-07-15,19.17835411512886,7.788218348608975,17.45393564870767,4.176271088109127
2000-07-16,20.600642329775972,6.0804480490236585,16.924635219866403,3.4726173943379193
2000-07-17,19.859757905885218,7.127085289137751,16.895754431588063,4.697281248980939
2000-07-18,19.534201259222897,7.147752798609523,18.798020538895123,4.475453118731331
2000-07-19,17.92328171936738,6.261207031434014,19.2066183513676,4.363364947034712
2000-07-20,17.253472854739414,3.764096314393371,20.91119646811587,4.937857430208395
2000-07-21,17.36724376480881,3.2572021998619562,22.532568986917415,2.809728260308218
2000-07-22,16.736580452521913,3.407420661422108,20.999984027442927,1.647427338487903
2000-07-23,18.079562183165255,4.82273887695974,22.5500809938105,0.9167687507585597
2000-07-24,19.378551306362837,4.197557427633594,22.898403100909537,-0.4426155066488876
2000-07-25,19.001938799159444,5.448969366687866,23.488355806428704,-1.4412841173306437
2000-07-26,19.55319734050519,5.2238966378133975,22.361536952669166,-1.2430809635907398
2000-07-27,21.028390737304964,5.9501291469288144,22.67942380450871,-0.2715035826153436
2000-07-28,20.894646305315412,6.820229596348796,22.216157574967273,-0.9529780258533496
2000-07-29,18.93121194373745,8.336269276988464,23.702049050238063,0.21491764635397548
2000-07-30,19.83828750060652,8.261892784901782,23.74692501141783,0.6539769982802577
2000-07-31,20.843139854654886,8.552492059268928,23.132280864059585,0.6843778768381412
2000-08-01,20.82397396085722,7.095709803390712,22.813797825696682,2.183733804628755
2000-08-02,23.28047316110658,7.259903146813455,22.408090462662123,1.0938804432783207
2000-08-03,22.55767415902569,8.324099644124518,21.37940328037032,0.8246831089244053
2000-08-04,23.160839907123865,7.4509076696275915,22.88909993599689,-0.7240166345557848
2000-08-05,23.139075298019325,7.584813162980992,23.338822959905183,0.08573470036014696
2000-08-06,23.87371456431739,7.176983916491729,22.761038722298693,0.06049128191979673
2000-08-07,23.29465024198559,7.711203120206207,22.898833205904825,0.02212702286745817
2000-08-08,22.85875283073312,7.774326086942718,21.25739842584832,-1.016107207626859
2000-08-09,22.98313338464801,6.2722141656201025,19.722708794760315,-0.41919460119491436
2000-08-10,23.330433694950944,7.703654464730645,19.360434617549572,-0.38488180872557487
2000-08-11,23.733061077468026,7.20706174536306,18.591611125845493,-1.069665958020947
2000-08-12,23.955647047729496,8.82162911101338,16.725420314950465,-1.3430753219722922
2000-08-13,25.256021037267445,8.902725799484186,17.207757025997452,-2.0459430430788075
2000-08-14,27.314838756798014,9.953714874266792,17.686338825109722,-0.9147779403333396
2000-08-15,25.50103084250982,11.010211604318567,16.63945581609941,-0.147837995263581
2000-08-16,24.59195991083315,10.81161145221114,16.45082334666323,0.1376681719484955
2000-08-17,24.252366120432576,11.442712497458752,17.768236360793022,0.23065049236694485
2000-08-18,23.44370037492013,10.750460979406588,17.501044694067417,0.4127812844109951
2000-08-19,22.985816965082584,11.692132920316077,15.927153093639753,0.5741247725076645
2000-08-20,21.32855646974118,12.936142598400858,15.189628412022298,0.8480524783653401
2000-08-21,20.476278712221024,14.48957508266509,13.181104559459527,-0.7564984206956628
2000-08-22,18.42773581547272,14.086672614070977,12.422748647520773,-1.7884218852082578
2000-08-23,18.259255155046734,12.99830837759335,14.727454102817873,-0.75128779276956
2000-08-24,17.107288121140318,14.087865790966665,16.172940591551527,-0.07267316688040704
2000-08-25,15.775992420183359,15.628029265042855,16.946477127006872,-0.42169550588751675
2000-08-26,16.352510964885496,16.72794515366741,16.357726490908842,0.17997250269139814
2000-08-27,17.754618483378604,17.394656242846192,17.905858048473604,0.65167113143184
2000-08-28,19.271833927289695,18.026253292363084,19.02800313194635,-0.8776791595303506
2000-08-29,19.300418167733504,19.02772121254968,19.488576127951333,-0.9890543047697027
2000-08-30,18.616342986054438,18.19894219950748,20.3219296933349,0.1876290490635677
2000-08-31,18.22329535314182,18.58385211559397,19.02967637890601,-0.029084391523317626
2000-09-01,17.947392433677546,17.569780637753915,19.718126862833724,-0.39507511462372136
2000-09-02,19.172049231445445,16.30978158808784,18.20983042483827,-0.01392932566271593
2000-09-03,19.357313380686705,15.884959569442838,18.32650398110996,0.28887118649377014
2000-09-04,19.01922031843639,16.435743869521065,19.932797191373133,0.8743269301953305
2000-09-05,19.070584678689187,16.40108991019328,18.77426038380605,-0.9123322252722346
2000-09-06,19.89003902504415,16.90409891397033,18.148161296227244,-1.47322113703569
2000-09-07,21.118266336036374,16.15195284096426,18.493511704675733,-2.03857680838144
2000-09-08,21.610985731630723,15.962407317982594,19.31451990500548,-1.5277851045706914
2000-09-09,23.078530475292823,16.19300553129608,20.17030530246941,-1.456414160527927
2000-09-10,24.012925529596366,14.49983172360066,19.282018214463456,-0.5640705227020647
2000-09-11,21.74237303304411,15.002988251386022,18.32286563311233,-0.9159743529036795
2000-09-12,20.804423723308112,16.220144467276047,19.47946051543398,-0.7781210467878967
2000-09-13,21.248618317581293,16.42903929026248,18.829593433468073,-0.7334711658706338
2000-09-14,21.58093516192353,15.643632822325388,18.339739792125407,-3.086682842009781
2000-09-15,21.890918229045365,16.074597163757744,17.751293306618276,-1.6318966910836086
2000-09-16,22.604563788151534,15.151162246126763,18.96558504473701,-2.20866618148269
2000-09-17,22.824314606809647,15.078165531808823,18.21679799297699,-1.3358062723600335
2000-09-18,22.656668110802375,16.334648406690395,15.46990838136033,-1.458082373079984
2000-09-19,21.164428423757087,17.40912891248275,14.5298360491714,-0.4541489355968522
2000-09-20,18.962214001965734,15.834863740259394,14.166620760251401,0.5423089695844449
2000-09-21,18.84340540769175,17.386995779959157,14.84790929325375,-0.8992592096112794
2000-09-22,20.09792669327986,19.23258288612835,13.572220668078405,-0.514663162684607
2000-09-23,20.0192196200495,19.378659988537784,13.553771798509883,1.668571491298504
2000-09-24,20.637428496443107,19.724606774450017,14.336261153788717,1.756331836579391
2000-09-25,20.98930057101625,21.05442509690674,15.014818895870096,2.066666482537179
2000-09-26,20.495054223259597,21.33906260143673,16.606846093719483,1.9439596945792927
2000-09-27,20.166275996109512,21.492635372898754,16.773458587892247,1.864403326960261
2000-09-28,19.344475016519933,22.1831881225954,16.453487162504363,1.9328024709229181
2000-09-29,18.883105881090902,22.093965665720372,16.73373988608506,0.6764742707270639
2000-09-30,18.80117458591574,20.73047527422016,16.273765116316035,0.3230690802613942
2000-10-01,19.502839293908668,21.276524502072625,16.599120491334812,0.4989574163079757
2000-10-02,19.60181830865604,22.522309329183205,16.90429742055933,1.2118340783038906
2000-10-03,18.90074339387074,22.136121259740825,17.707180626763826,1.0371718980364992
2000-10-04,19.98452036551081,20.91705568502034,16.98666502779583,-0.03838664636333222
2000-10-05,21.91978734539194,20.583985905058327,17.368779944404036,-1.1083480285984564
2000-10-06,21.83739348201889,21.7020248442128,17.527714862209137,-2.1630459604780343
2000-10-07,21.933340798056186,22.415305194952563,18.514510248504713,-2.5856109421637328
2000-10-08,20.96008546969455,23.47492568132266,17.88555691237287,-2.07331819385872
2000-10-09,19.381452602125368,21.25831253658638,17.515903043883664,-1.0608921792746526
2000-10-10,18.00267881679275,19.61104161608692,17.377050949323714,-3.198150130492049
2000-10-11,18.55087357880318,20.347660659066182,16.67015105347196,-1.9558599252292523
2000-10-12,18.96315073627881,20.343282303652558,15.426340158024203,-3.494569093452347
2000-10-13,18.685294420988242,20.275118700399712,15.86885814882034,-4.475187260154849
2000-10-14,17.958131354228378,19.00466398547518,16.90915125509224,-4.039533505054575
2000-10-15,18.355630703133606,19.360042379075384,17.75492867280825,-5.4700823488356525
2000-10-16,18.36774327461679,19.703740154225923,15.02559219162742,-5.326008208018472
2000-10-17,18.951516358371173,20.546437048875234,16.155127259242928,-6.134629776568239
2000-10-18,19.431090236102047,19.91189984245379,16.904826736694016,-5.817541543454604
2000-10-19,21.04967557096836,19.73624100473096,17.34385220839176,-4.590086789857281
2000-10-20,20.48031223323447,19.108670952970243,18.554636124018955,-3.050043457235628
2000-10-21,20.153816762950445,20.033960929033082,19.679060211367382,-3.4000544260517196
2000-10-22,19.025211356054157,20.315866201777517,21.459978590206347,-3.2588659580401025
2000-10-23,19.350262590569436,20.405203734925962,20.92952535662687,-2.0810032090235087
2000-10-24,19.39396540568433,21.586799348904908,21.640885798244856,0.25781455384672025
2000-10-25,19.855136763163003,22.354643877547964,20.63909816278108,2.4359854812847446
2000-10-26,20.29939784515441,23.476563488267097,19.612547475894292,3.474250918129199
2000-10-27,19.415004550167165,22.293616632731304,20.590225566767113,4.4839546407248925
2000-10-28,21.88216555995224,21.94683076162927,19.343835475157288,5.534066726553384
2000-10-29,22.552927079495355,20.94858066143603,18.832168616673194,7.00011602742786
2000-10-30,21.829192191595975,21.89583447011077,18.212821151837474,7.4982597920732745
2000-10-31,20.386746024332005,22.11265347816622,17.579356924166586,8.342398553562452
2000-11-01,20.38310398574925,20.728039826440607,17.04093102183389,8.337605516561101
2000-11-02,18.31888213981278,20.055839447430248,18.179524100744104,6.8156878391080795
2000-11-03,17.905434792412144,20.099309059899113,17.534026002110288,5.761852700984207
2000-11-04,18.83109679764705,19.22739506920846,19.886529342875747,4.477778646929159
2000-11-05,18.710046059072024,20.865550809162464,18.992640866799164,2.7169245034172773
2000-11-06,18.629078808958173,22.978178124265522,18.80795522302727,3.443981992422327
2000-11-07,18.62388217873968,21.71398914329697,16.89169143268218,3.2044651106680395
2000-11-08,18.819131120148857,19.547627313210278,17.577376022196532,4.9079365580535335
2000-11-09,18.663729044407837,19.253975430329035,17.330508305454583,4.450437191720723
2000-11-10,19.924059468465344,17.360953578620965,17.662214388806316,4.2308289534286185
2000-11-11,18.483610148244253,16.604452498359812,18.56974095996902,4.033250111123137
2000-11-12,16.97709092874163,16.952476424571756,16.92829824583147,2.9295789812721593
2000-11-13,17.99038062853737,17.241297675202397,16.95841829255722,1.2719109677044182
2000-11-14,17.75493385760302,16.382105827544592,16.322306046091096,-0.03355712070063932
2000-11-15,17.25526510645256,15.567824417684136,17.96833581468517,0.8301944315196671
2000-11-16,17.08994829674165,14.01118932686617,16.673415831348446,1.2575119952528997
2000-11-17,17.455191796301644,15.024823808115574,17.171821485092266,2.0375983481092397
2000-11-18,16.64632197813507,15.156501841181083,17.180151458535367,1.3257647681326952
2000-11-19,16.77334295250675,14.87752334436361,17.568488423809054,0.8838073648101953
2000-11-20,16.50645355741054,15.466615988412908,16.324114012353025,0.25417014956519535
2000-11-21,16.659891226845268,15.827547161080465,17.59205289528354,1.6023739596649242
2000-11-22,15.923293699417437,14.987939762872752,17.153444007974837,1.8794008743394557
2000-11-23,15.039916970320771,16.444430931942374,17.604829857679434,1.148657889716944
2000-11-24,12.917248517426039,14.834914378759656,16.719285907858374,0.946091359493198
2000-11-25,13.524690428998834,14.752324197519112,17.843226146731777,1.5173950813649046
2000-11-26,12.383132108783544,14.41782552995456,16.896272456187337,1.690952976351352
2000-11-27,11.322555543676827,13.518364386565725,17.065583516698965,1.702797571309226
2000-11-28,11.909543004940844,14.005431174981545,15.81722682497918,1.0266219464014288
2000-11-29,11.9164040501385,13.537699226734945,15.796883379977617,-1.3204622098918577
2000-11-30,11.772198183480114,13.638003713076024,17.007863274978583,-0.8100528161493419
2000-12-01,11.081105273068442,14.18654737240597,16.91964082139867,-2.5186450113143932
2000-12-02,12.672896958841868,13.823709398790205,16.311442709430263,-1.2005042368622634
2000-12-03,11.7181396099627,14.604254504314014,17.483213384208135,-1.4290325939493818
2000-12-04,11.808011381229962,15.409623437745953,17.596649766750218,-0.6052479579589212
2000-12-05,12.456493383019001,14.555381147827328,17.07607307358412,-1.2883808126728205
2000-12-06,13.319601437343348,15.150083045005378,19.043997534451897,-1.1760151534605978
2000-12-07,12.957117480489366,15.703946918295784,18.26444377490929,-1.5550131505575013
2000-12-08,14.122320618174246,14.429899019575817,19.61567782891949,-2.037535435986802
2000-12-09,16.508578716850618,14.758866025080936,18.691894363850842,-0.802605646957538
2000-12-10,16.79259992639254,15.516303796757859,17.94672892472522,-0.7451194972263636
2000-12-11,18.53438959733846,16.633277129072795,17.951171819406092,-0.07357384885812424
2000-12-12,18.825403007213357,16.754184377261208,17.863074928867775,0.5680561413706716
2000-12-13,20.251328371512166,16.625137631020127,20.3587697469041,-0.13229893827090666
2000-12-14,19.89925857852791,16.352443576128035,20.12792604754347,-0.49224851180199797
2000-12-15,18.423135278265953,15.955094504628903,18.827421579609073,0.10166946715696806
2000-12-16,17.09534517854958,15.919733869894289,18.647178716326415,0.8846564392654099
2000-12-17,16.798140184435525,15.208183272475098,18.911173222240564,0.7370580022373924
2000-12-18,17.935380207185652,16.83810248188298,19.430628612550496,0.515116832520787
2000-12-19,15.916421447227107,17.038956890357895,20.20877279517362,-0.07571782182626263
2000-12-20,17.101936537466198,16.82485645440658,19.64954820119671,0.11114131419821288
2000-12-21,17.059948122996595,16.668323253590227,20.545034790355547,0.5557829256389482
2000-12-22,17.35268985070883,18.27786039837524,21.648724887158462,0.5561813877775128
2000-12-23,16.79120247489758,20.029930131987822,20.0624205989891,-1.130708649136712
2000-12-24,19.08216123305038,21.538904888431944,20.20939762547162,-1.5138196435552247
2000-12-25,18.16300563806687,23.049207342489677,21.150893588139706,-2.462486213493154
2000-12-26,17.241630357869298,22.7144015851972,21.838768485108627,-2.6442922239701754
2000-12-27,19.92297368385715,24.01537418114083,22.427775757944524,-2.878846727203971
2000-12-28,19.952812530417877,24.5979905831089,23.148183423829455,-3.0267743881043083
2000-12-29,18.434034586398383,25.09368440241225,24.40409634311046,-0.9241615377190322
2000-12-30,19.73955505855679,26.739680205944754,25.133000225859963,-1.1677210181964415
2000-12-31,17.347298684346267,27.00855669151043,25.803247686272524,-2.824592635675669
2001-01-01,17.535144835619445,28.52541641972448,24.59042712047789,-3.438456259170406
2001-01-02,17.24731869663855,29.343955827422178,25.822426555833584,-4.443326811534111
2001-01-03,18.14485697391709,28.748208463281117,25.841294733558115,-5.508436796124388
2001-01-04,18.62524370452722,27.928154826771856,25.65450968882547,-6.564784704613517
2001-01-05,18.983081109574286,28.169973354835225,25.71784205957374,-7.175528148478072
2001-01-06,18.674799569947886,28.08472685168637,26.4594274461675,-6.006745718334068
2001-01-07,18.267355368920928,29.32439525508986,28.844560910377822,-5.2194810596883245
2001-01-08,18.96825967560375,27.92964751293156,30.543396201289756,-7.745427202826029
2001-01-09,19.730893195591648,27.044972286091323,29.26974056346994,-8.631472817146447
2001-01-10,20.400958124201473,27.59042514181591,27.76688303502194,-9.133932667861606
2001-01-11,20.608353091493054,26.898855556363593,25.436428542114037,-8.929984966286794
2001-01-12,20.487030593345207,25.9891839956194,26.41075823579723,-9.405609481360285
2001-01-13,19.942499575042447,25.15959104869398,27.743226875926183,-7.397295306339316
2001-01-14,20.20837134696747,24.593032044991418,27.483083402819958,-6.859464594168342
2001-01-15,20.505461158306797,25.00088073053137,27.736659857473768,-7.278069227893877
2001-01-16,18.36571949912079,26.520913924488983,28.52008906769957,-8.1502615381536
2001-01-17,17.99596403533301,26.53814602833146,27.02338781935134,-9.480791387663643
2001-01-18,17.850090967146127,28.356862619547126,28.780334043061288,-8.343769316355923
2001-01-19,17.472852518848462,28.458521158405954,28.503251964602338,-7.904906664298016
2001-01-20,16.059622391288766,28.552962813311776,28.755296049762357,-8.884014671120173
2001-01-21,13.888677262744306,27.118397597065698,28.287574504712094,-9.642661137559545
2001-01-22,13.771715486201296,27.835169808302364,27.553826309631493,-9.393160984384796
2001-01-23,13.53644036459403,30.521988889606938,28.17690630701112,-10.311370702015859
2001-01-24,14.00400593772499,28.877494941430516,30.161492008700815,-10.764394609878808
2001-01-25,13.585830299598936,28.785139425017082,29.76286797863735,-8.87137789158136
2001-01-26,13.561115509582988,30.390339883672954,30.6479061333165,-9.281436303184924
2001-01-27,13.416477678469686,30.52569932778561,30.020910107408987,-9.388638683891383
2001-01-28,13.732853999593717,31.417434644913317,29.689505324549497,-10.706881514313151
2001-01-29,13.934559189812846,29.880057752894945,29.300405983957557,-12.682092539127705
2001-01-30,13.591817321995919,30.951538392732072,30.524044981579596,-13.777240445693995
2001-01-31,14.244164877620822,30.974378111511733,31.536120744561746,-12.931806954329849
2001-02-01,13.493907531687768,30.391366199194337,31.784469297586146,-11.094310979050954
2001-02-02,13.96908435048026,30.331466213656235,31.862529760603476,-10.538069863812746
2001-02-03,14.445022085329313,30.851589970026122,31.282708695894346,-10.907132938848994
2001-02-04,13.767018289675033,30.088139572562383,31.092263155638637,-11.12680797228754
2001-02-05,12.599200586017236,28.130945938352305,29.481118257267003,-9.924971098260771
2001-02-06,12.584808183423899,27.59342092482695,30.927810300714416,-8.809860879848317
2001-02-07,13.201637850564927,28.32049195204503,31.595259086451232,-7.3547685678290975
2001-02-08,14.553976040598535,27.824116377015606,31.28913209874942,-7.402049352332456
2001-02-09,14.006149172630877,28.463518605955603,32.24000558607571,-8.380239250865952
2001-02-10,14.742243966423267,27.515839033987863,32.19229360294066,-9.460256382722632
2001-02-11,13.43274892660738,25.422390910145918,31.311832506688344,-11.335604755574984
2001-02-12,14.229291833446927,25.340350655483782,31.82785873362333,-11.350833954894066
2001-02-13,13.862478573311071,24.239203228163618,33.00786046274399,-12.799899094733954
2001-02-14,13.514702960677075,24.22323195511188,34.56356203517164,-11.41824371530274
2001-02-15,14.349780098324855,24.047844620966536,34.26520175854513,-12.565522557977479
2001-02-16,15.760335201553827,23.69921274931991,34.52847637986895,-13.011392933092521
2001-02-17,15.126536284043581,23.44788602425739,34.620653610758836,-12.61579174328115
2001-02-18,14.96870459527131,23.997118769432742,33.50322677994648,-12.799944553316452
2001-02-19,15.673056176732189,23.233200285317885,33.101765237493346,-12.983511785176375
2001-02-20,15.679660204087355,22.95003759253214,32.894804519096084,-17.411131046130865
2001-02-21,14.693925887086817,23.046700776808695,32.57673821130109,-18.491133835179987
2001-02-22,14.986800944195522,22.40818627824343,31.31629765567411,-19.059158048882566
2001-02-23,13.326881950782079,24.523272894470317,31.83498094116846,-19.30982282842504
2001-02-24,12.744570659506119,22.729549902446262,32.19870488425478,-19.323582656391046
2001-02-25,12.462895432600881,23.65509527661264,33.13339645833735,-21.08271557257817
2001-02-26,13.657521938577919,23.526864154987763,34.04482122280707,-19.83862727545987
2001-02-27,14.292389173060915,23.744259453165714,31.895401337247,-20.065487171684364
2001-02-28,15.20895849531193,23.78919435907819,31.21680683466793,-20.551675021309954
2001-03-01,15.003416743943191,23.49036759283075,32.07115734786299,-19.855545277202708
2001-03-02,16.046370608002203,24.437064671894863,32.07490590686424,-18.698544492576644
2001-03-03,15.455194850790603,23.86629867089061,32.667158050990786,-19.235863629537548
2001-03-04,15.790770736923301,23.814754655314577,32.35810020783473,-18.548884103841356
2001-03-05,13.306883257827158,25.167683462887044,32.285197725785316,-17.669455959579793
2001-03-06,12.731578515741615,26.62007731912591,33.18383622324625,-16.589439629719106
2001-03-07,13.751469288535578,26.387082332692533,34.09013698568086,-15.316349164810617
2001-03-08,13.825936614320897,24.931621042297742,33.7500608730219,-13.990905903161435
2001-03-09,12.511856467230178,24.369823375476408,35.45936823624417,-15.262915546302672
2001-03-10,11.86182048298908,23.79449862015329,35.19587419485834,-14.469812772328485
2001-03-11,13.952515667419854,22.928755519540317,36.63894420034255,-16.042084830207003
2001-03-12,13.167454452398403,25.2305239385436,33.42377373756601,-16.18453807679373
2001-03-13,14.230564682036913,26.465493599445388,33.201097363940164,-14.81006211479989
2001-03-14,13.749718078804468,25.65631581263526,33.064994753605546,-14.769287084667608
2001-03-15,13.113697985814762,25.294160039225375,31.7101766026021,-13.518364945981793
2001-03-16,13.072574142872316,25.94015623670569,33.946103498865305,-14.185598184017048
2001-03-17,12.359255719006562,25.907137827270454,34.85424310452195,-17.177524240351822
2001-03-18,12.850053731796633,26.54811863997894,34.7692932757476,-16.76740538869697
2001-03-19,12.883157883792851,27.584146411133464,33.78999104262693,-16.619230147419813
2001-03-20,12.408722991141307,28.977580310843027,34.45289734015058,-16.152934546124452
2001-03-21,12.748460082987943,28.522873926451904,33.802056545578836,-16.215169415536828
2001-03-22,12.491717672758242,28.064759926646893,32.31524328461901,-15.901372848974495
2001-03-23,14.417442324561582,28.797761225173986,33.19757795880575,-16.662680427380447
2001-03-24,12.953611025211531,28.93389087207051,31.42647986577295,-18.101677878759812
2001-03-25,11.636130259689208,26.96384630283408,31.072931206673275,-18.172737769404172
2001-03-26,11.074394706460865,28.676596800058796,30.47235999452029,-16.948810494623412
2001-03-27,10.01792499816966,30.287957339505535,31.876962817019628,-16.62484074633511
2001-03-28,8.186140559414653,29.869801970173707,32.856040119721726,-15.86974361394076
2001-03-29,8.618811575553726,30.19713931071003,32.82564312975231,-16.756737920790023
2001-03-30,8.717602164026015,30.825458498317516,32.347488881405496,-17.130666725101673
2001-03-31,8.79711991382341,30.3570935942482,32.76482923395695,-16.034990638334886
2001-04-01,7.607173138382253,30.811852058980616,31.74727486791956,-16.25690335152181
2001-04-02,7.438057756096615,29.74929383102329,30.41813670316529,-17.708864737182925
2001-04-03,6.97200977504254,29.62620631439761,30.02299992438575,-18.555182056020616
2001-04-04,6.866926463473482,30.55353786482477,28.740686426920036,-19.61492092396144
2001-04-05,7.590269444857375,30.986893604711135,27.386613441798936,-19.270150468344486
2001-04-06,7.363468975294334,31.127894294299708,28.418462102868183,-18.94463725855056
2001-04-07,6.988987540979726,28.833201949020733,27.327295905085194,-18.750921807759344
2001-04-08,7.698883882357984,27.50089705069586,26.699024202857974,-17.850508137029394
2001-04-09,8.287258102620902,27.187790462483004,27.15175769786572,-19.17546293230865
2001-04-10,9.697647601463338,27.61245091781291,26.83956510387886,-17.236491679448466
2001-04-11,10.669753741488252,27.421382962795963,28.03708194272465,-15.902738515036212
2001-04-12,10.400860881998556,29.062515954138874,27.819437459728075,-17.028404443828745
2001-04-13,10.575933546706576,28.71165574407313,27.194745695979968,-18.479975189125206
2001-04-14,9.743924943811436,29.0767652649814,26.242228364135393,-18.793867675715667
2001-04-15,10.565596699858476,30.13813828386302,25.878889594645493,-19.24990905422522
2001-04-16,9.584917436787984,29.92440561425439,23.789640420062312,-19.89430463143125
2001-04-17,9.463982482691504,27.059676454767192,25.70261621947566,-19.424137101415237
2001-04-18,10.747085684046832,25.170986755515365,25.20254988544533,-18.678714120184413
2001-04-19,11.147005746431649,26.125095189932733,23.83359794866101,-16.699738596904588
2001-04-20,10.19887558822611,26.332094283628052,24.51189805385941,-15.801752369995004
2001-04-21,8.931830047723386,26.280743406509362,25.429325971858365,-14.597884195726223
2001-04-22,10.37675100691122,27.19482485371791,26.630276194898492,-15.608451314769097
2001-04-23,8.51053615112096,30.057704105960603,25.258719585512605,-16.37556551921477
2001-04-24,7.669134377929818,29.78956775454305,26.552707463691167,-16.75131982734301
2001-04-25,7.038335767737989,30.82515251845997,26.244391473626496,-14.548189303317706
2001-04-26,5.354519999896265,32.080939104260715,25.428584106894675,-15.416544696756683
2001-04-27,5.358078734968598,31.61514652905599,24.265557175167086,-15.384798991373643
2001-04-28,5.596751010256197,33.12641830539097,23.973262787762987,-16.304504557538895
2001-04-29,7.137791693122469,35.035278482511266,23.82029381261734,-16.026534453553303
2001-04-30,7.360173398654177,34.223796439887074,23.775302997311048,-18.151047040974994
2001-05-01,7.242956415328857,34.84487721499152,24.21605546327687,-18.490464869403656
2001-05-02,8.234650854898552,36.31257678030134,25.066048636716804,-17.86879375149248
2001-05-03,8.070510639435033,35.73975778222416,27.403007167190335,-17.52634853341062
2001-05-04,7.459161515471909,34.36894499026326,28.570681383916718,-18.42710909122025
2001-05-05,8.218390160216432,34.37540209401803,29.37975217545744,-18.90697107531356
2001-05-06,9.659961877421011,34.92455920271343,29.775306721568334,-18.5997739032194
2001-05-07,9.82951503372443,37.66737402916202,30.182821881325562,-18.610341522230176
2001-05-08,8.85245091925467,38.219691551338485,31.344922534256234,-17.87488321649774
2001-05-09,9.166472785632173,37.379943278140615,30.847845326664387,-16.525256327914214
2001-05-10,10.410035166398028,37.03539737704023,27.778544645165912,-16.305113502431137
2001-05-11,8.562038681520143,37.69933673346219,26.196927007786428,-15.128569556178723
2001-05-12,6.81577661003011,38.12423640574956,26.476688169654203,-15.18729809283117
2001-05-13,5.5256199013413525,39.03700283340156,25.552193195544127,-14.06190331052292
2001-05-14,4.031534014888576,37.64403130221692,25.16624473582516,-11.897784570713949
2001-05-15,3.592105900950225,37.98742064718091,26.426135033241334,-12.0612101437099
2001-05-16,4.125456604619407,35.574018287537015,25.82884755413905,-12.635334741380447
2001-05-17,2.9906503516138194,33.81319705288769,26.947297204288052,-12.52661790425434
2001-05-18,1.5830852745011421,32.69877329447895,27.511546202050358,-11.300223481615541
2001-05-19,0.36081964071565564,32.819562582413376,28.225851143655984,-11.479230024184105
2001-05-20,2.124719292912953,33.85360670597502,27.035319813734088,-9.229838092852969
2001-05-21,-0.210764621624556,36.280311402728756,29.42314613274235,-8.89323626299155
2001-05-22,0.801013557388984,37.74250691680273,28.667407852178496,-11.204888634121156
2001-05-23,-1.2404766144594879,36.12865299342907,29.830028605818548,-10.51646901394344
2001-05-24,-0.591589780650761,35.45529097654173,28.626811161105373,-11.422831974305705
2001-05-25,-1.1985285843467648,34.90302875003087,28.160566350297906,-11.970797486410007
2001-05-26,-1.175801986660308,34.07568540913839,27.381985810297138,-10.949110496860339
2001-05-27,-1.8679269145039812,34.96027429205647,27.31775909486233,-10.874986088666544
2001-05-28,-2.72600705436549,35.54393179068379,27.536135979027396,-11.856335156841409
2001-05-29,-3.3630864379899394,32.22165271228281,25.673630896462303,-13.621823723040928
2001-05-30,-4.645304077670792,32.779736067722894,24.324080976454958,-11.467581901099775
2001-05-31,-5.265431867373786,33.110878735258325,24.539846869977872,-11.492725192628178
2001-06-01,-5.916633623427055,32.07097319400716,23.848769399651935,-10.090109120021006
2001-06-02,-5.481854303494896,32.79340151406852,24.065648894989597,-10.719254721742338
2001-06-03,-5.9575935477162085,33.04293947151365,25.16704303130486,-10.853269580253025
2001-06-04,-7.002517340066708,32.56255483320876,26.190470285267217,-9.997033779810529
2001-06-05,-6.5520428412596035,34.77003952924403,27.150405736419103,-9.463859790160386
2001-06-06,-5.3721599042946515,34.957260223304736,26.525808679791883,-8.689555928188964
2001-06-07,-5.611008443112968,35.25604064513233,28.013378103316743,-7.3851414892711205
2001-06-08,-5.068734343727781,35.680698223762384,28.260883297566707,-6.835946089183336
2001-06-09,-6.0039412063859645,34.73123375520681,27.994435482074426,-6.040633734361942
2001-06-10,-4.2878770607982775,35.19459384834592,26.859072933036366,-6.46656149641871
2001-06-11,-4.645607384580355,35.00523399496307,26.61377249516027,-6.376176929251059
2001-06-12,-3.9149230180895938,34.58052352947516,26.878114887022694,-7.755830287280864
2001-06-13,-4.358977551289341,34.28283748932058,27.123637716110544,-9.177688433978346
2001-06-14,-3.0613474324746024,33.309735187848,27.909470077907645,-8.30323023843203
2001-06-15,-2.7286657373497993,34.675534620936716,28.26848979949197,-8.348633583172777
2001-06-16,-4.838961484995768,34.3359262250228,29.15340246013621,-8.470239905943053
2001-06-17,-6.353748833032611,32.456628457476576,29.701669446089543,-7.810180925187663
2001-06-18,-4.950877656227672,31.35085741607732,30.170123569157433,-8.156157264291576
2001-06-19,-5.471036395188406,31.659374918524563,30.600895574511718,-8.87630565564397
2001-06-20,-5.349766281196481,32.21155669238916,30.705741347473364,-8.143106669747263
2001-06-21,-5.898314182133846,32.5821825693328,27.972015499299996,-7.521445002768495
2001-06-22,-6.00560201371453,32.76674471958306,27.804774452173795,-7.642700363105852
2001-06-23,-6.116603068167519,31.552818047190524,27.202377578772474,-7.350004669253611
2001-06-24,-6.754074854615641,30.441531653797647,27.825972288345575,-8.885175645095508
2001-06-25,-7.515772305126221,31.191774620842274,28.253313371348302,-9.858849883402772
2001-06-26,-6.025541817977562,30.547064185396927,27.875360471726317,-9.363830321458543
2001-06-27,-6.896727602040171,30.092116896706507,27.463690494782206,-8.903800653118653
2001-06-28,-7.588002736008503,29.30306756291663,29.40213826431523,-10.401823336556648
2001-06-29,-7.864846286145251,28.401547134144472,30.341074545843682,-10.372003251097302
2001-06-30,-6.514666369076384,27.883006732248678,29.93632469639813,-9.133142329710735
2001-07-01,-7.296071687864933,28.20047958145986,31.688078264929278,-10.329595336137873
2001-07-02,-8.543293798225513,28.83128373190007,30.791013722979272,-10.27359486337941
2001-07-03,-8.275636829676209,28.05176696425991,30.53198911750457,-11.05125517282418
2001-07-04,-7.8946057465327995,26.63056440581925,29.624347956391304,-9.8523893776629
2001-07-05,-8.033985880310873,26.93037982362357,27.506995549861074,-9.579193789778621
2001-07-06,-8.288820762544503,28.432615166654546,27.4843328898853,-10.367961700289197
2001-07-07,-9.705153984755137,26.295050165279388,27.303648515073974,-11.565423740634383
2001-07-08,-9.962030514469573,26.96125715305529,29.722893454883625,-11.85497811389453
2001-07-09,-11.149703385234776,24.996037752106144,30.129656963397295,-12.159276513391307
2001-07-10,-12.267620417631605,23.534500934766285,30.009036378424458,-11.119613353863823
2001-07-11,-11.619593789401405,22.414795313500917,30.577477481686362,-9.261049767305938
2001-07-12,-11.33349547820346,21.483364365115477,30.21771592261126,-9.553080648974616
2001-07-13,-10.508383507925004,23.560916625342657,30.182960808674533,-9.680544967642133
2001-07-14,-10.248230909669617,25.66063876519062,29.527285228743253,-8.734310148870561
2001-07-15,-8.804680111466984,26.893917795033428,31.017420333954846,-8.881918019945273
2001-07-16,-8.699493921481356,25.553121472771238,31.28427836740731,-10.29070796901928
2001-07-17,-9.453277056900795,27.010043138259377,32.15062205477064,-10.967457723093716
2001-07-18,-9.083688911658163,26.555360024180764,31.889755438436342,-11.292305750379194
2001-07-19,-8.67552859933577,26.745618070788307,31.98474413202024,-11.109848787430028
2001-07-20,-8.441720032106442,27.820497408111322,30.836054191615666,-10.058774724404815
2001-07-21,-7.812306796704879,26.924116352385973,29.984727735602732,-12.241377788115994
2001-07-22,-6.692411433497228,27.193887772625857,30.79838081901533,-13.326275138265315
2001-07-23,-7.130723451323328,28.91090637823299,30.008391556360063,-14.048182537843738
2001-07-24,-5.931240178747531,27.287683267746942,30.434100268506345,-12.524927014238806
2001-07-25,-6.122447676938284,27.134925505871784,30.262753881169115,-11.411387150621309
2001-07-26,-7.384065328259324,25.8235518750858,31.186726560000928,-10.663000935721055
2001-07-27,-6.3189489650371975,24.994578486992214,31.936030529940435,-12.45393086888863
2001-07-28,-6.9426496852715935,24.68224130845382,30.22999653196362,-10.450643406826417
2001-07-29,-8.251225759314968,24.837143069991942,30.45063790322433,-9.754825112458859
2001-07-30,-6.678009263299971,26.501425506440007,30.99998539604326,-9.410033403960563
2001-07-31,-6.698000575895366,28.398496565194478,30.717542845202612,-9.242440026444264
2001-08-01,-8.154282466526357,27.171242376472907,29.767834404368603,-10.241449908334943
2001-08-02,-9.304525854600046,28.374965708227023,29.89162020433673,-9.76040643016742
2001-08-03,-9.1547897884838,27.261058960894037,30.45056867269136,-9.824750588029376
2001-08-04,-9.594156241104661,28.745983564343078,30.39107712448749,-10.691894317676585
2001-08-05,-9.933374210296519,28.949543105718394,30.68188392583876,-9.848590535922893
2001-08-06,-11.108491630439254,29.91631359145884,31.37609329591467,-9.446861737327755
2001-08-07,-10.504440958756563,30.20030452904284,32.57167716046171,-9.894875932219104
2001-08-08,-7.637775678060365,29.66584835620029,31.435740479248267,-10.025803911326728
2001-08-09,-7.463133858668098,30.11686984554779,31.357606993701214,-12.217675280483771
2001-08-10,-7.435393948975579,29.845970566025905,28.861782289209202,-12.151984236992268
2001-08-11,-7.995353721033847,30.088387363636567,29.985898782275026,-10.077089739088665
2001-08-12,-7.959269385235618,27.72871250502122,32.033776838565394,-11.477358184384888
2001-08-13,-8.676543320634051,28.41164433586269,32.25044090317165,-9.946010476013623
2001-08-14,-8.365304741598992,27.926931929781393,31.511356147081393,-8.61400687652734
2001-08-15,-7.563713705231596,28.193858351172032,30.168655903819165,-9.521744134445775
2001-08-16,-8.010526911976783,28.171644391371878,30.477133246089018,-7.9319544148018934
2001-08-17,-6.904929932870897,28.356094282620997,31.056882756299334,-8.534679688510666
2001-08-18,-7.390697795866827,29.009587145329938,30.66865034102064,-6.430193157444638
2001-08-19,-8.396436632778432,29.38257650633158,29.928757351073187,-7.502926886368222
2001-08-20,-9.8376464088263,28.50855513049593,28.196609616046622,-6.462852959006198
2001-08-21,-10.765340044646493,29.273030299464214,28.522906859762877,-4.460047705266232
2001-08-22,-10.801767578659126,30.301925466341785,27.641249052226264,-4.166128963023586
2001-08-23,-10.904020513795302,30.972465699670362,26.49398846223295,-3.3208692474034747
2001-08-24,-12.160871197132785,30.620430383348907,26.528680636789417,-3.548806187565646
2001-08-25,-13.15002612324634,31.906152650730284,26.242577857058766,-4.178001754710681
2001-08-26,-14.420917559339182,33.16314910654434,26.53710421657359,-4.0829368978695495
2001-08-27,-13.90096684396458,32.58784394974218,26.057229845813836,-5.170927361386233
2001-08-28,-14.22226153140439,33.364888467395765,27.104646067235734,-4.260688227940132
2001-08-29,-13.238972602713707,34.235753846559675,27.608711775337085,-4.249383610177343
2001-08-30,-13.775297576396046,35.38247189857202,27.583518400613944,-3.9472655664107497
2001-08-31,-13.89934128884059,35.721157961311526,28.200766534406597,-4.042140215009773
2001-09-01,-13.879883153892479,32.882473849621825,26.667293997190676,-3.8561573993565057
2001-09-02,-14.733768640614011,30.981790505707465,28.350575893892298,-3.1119368660498514
2001-09-03,-15.328259557171592,32.07751709408221,29.022758651315907,-4.014999782609728
2001-09-04,-15.796536463898189,32.17054095438958,28.747143429921206,-5.434613583552808
2001-09-05,-17.33067025768914,31.698167610292106,28.912601669463204,-5.874596909342027
2001-09-06,-16.422490281439334,32.07096096099924,27.811349775648868,-5.435134534401333
2001-09-07,-14.949785320300633,30.875958224186142,29.74048203444763,-7.304480038230312
2001-09-08,-13.589116137618806,31.795904606259832,29.557021229053813,-4.729517396920076
2001-09-09,-12.261443902660652,31.630964633201504,28.36089159003277,-4.848312465746671
2001-09-10,-11.637310529645719,32.80349269801498,27.270988957403,-5.54911914827858
2001-09-11,-12.039888843980123,32.35693085971695,27.328967626661658,-4.2689875265768125
2001-09-12,-11.825574937600596,33.155784903727685,29.125451739440393,-3.962789367705438
2001-09-13,-12.82529213171434,33.47266618957098,29.39469441295594,-5.818951170520507
2001-09-14,-12.464522005636736,32.06431600336792,29.98691342227542,-4.994451105368327
2001-09-15,-13.926461330399759,31.584022059892654,29.787356500701893,-5.620593354556445
2001-09-16,-14.242235487823686,31.95777722696029,32.04426949566436,-6.244613423975428
2001-09-17,-15.570132409295148,31.67651646447482,32.1140442547037,-7.2679826770573195
2001-09-18,-17.156411832845205,33.06512372776896,30.12291707360343,-6.154243337564775
2001-09-19,-17.318505813583958,32.93520139492133,29.481568436906393,-6.1964844149310245
2001-09-20,-17.25507635031795,32.97770037941726,28.82933216916931,-6.800347909444646
2001-09-21,-17.913381268221467,31.55542270174161,28.16568510386062,-6.580045504006192
2001-09-22,-17.880859320378004,31.934378824489624,27.992158119419532,-6.890011694181581
2001-09-23,-19.10425263286074,31.25455608473723,26.71889164926762,-7.2495667353815705
2001-09-24,-20.324708989009036,30.186949286817697,29.215354566431955,-6.79207690359831
2001-09-25,-20.56554474577244,30.299523820701857,29.592821262845582,-8.589767167726723
2001-09-26,-19.302407751360263,30.45907031761569,28.603335679253014,-8.133799212515395
2001-09-27,-20.247817672117236,28.87363233623297,28.66944379764523,-9.179271451100824
2001-09-28,-19.60357093988705,30.64864267392643,29.104880782024676,-10.676181415906786
2001-09-29,-18.157411909061263,31.547103495629393,28.84983867989417,-10.164340792728126
2001-09-30,-16.16040450506905,30.91257646511183,30.03642357522311,-11.74466487157608
2001-10-01,-16.752354543503937,32.030342255573316,31.874135069764794,-10.782810091708281
2001-10-02,-17.60088217326985,33.2075132792602,30.574468877474942,-11.580758746677475
2001-10-03,-16.886311505211037,32.93389529640016,28.577039091855468,-12.088521830584044
2001-10-04,-15.3081378264869,33.18629094602013,28.6068661821996,-11.881070263711797
2001-10-05,-14.365767925366889,32.982763946327935,29.59448998626467,-11.82803922080991
2001-10-06,-14.402655233294427,32.97017764346814,29.865484291323632,-13.827235837140774
2001-10-07,-14.761284290790302,31.403874577371127,29.841244419794815,-13.929732027972356
2001-10-08,-15.718339840491382,29.646833193880532,28.849831614043953,-14.34456684175451
2001-10-09,-15.324129379030566,27.990202822582827,29.88055823268065,-14.16308896989768
2001-10-10,-16.23024870625101,25.88654369519119,29.254004649902473,-14.640095144490925
2001-10-11,-17.362320603733664,26.1820926379581,27.145448521488156,-13.82778266802951
2001-10-12,-16.356486816107534,26.491351693726624,26.68154734530494,-13.982653415462682
2001-10-13,-15.677526182058521,24.944888031169903,26.280508138792754,-13.508385118075745
2001-10-14,-16.732552300620952,24.16279594523839,24.679305178430734,-12.512286133575751
2001-10-15,-15.542539136074708,23.114131345668817,24.355254352547544,-12.396132622037426
2001-10-16,-15.805730788322405,23.474306341536842,24.674218613456382,-12.162285096179042
2001-10-17,-15.752468552377643,22.101779161524078,24.756720037136994,-11.643625336201536
2001-10-18,-16.05489882020456,22.064571965141294,24.497641591369113,-12.68663045970647
2001-10-19,-16.711518245253398,21.154711975716886,25.46863680522068,-11.050942048489187
2001-10-20,-16.758177478544596,20.970045097556984,26.906650715134617,-11.996291060504547
2001-10-21,-16.995150890120424,21.857304036551046,26.137025378041738,-12.912104717936103
2001-10-22,-16.917013107695098,20.90243801404295,26.066715254412514,-12.664893664945204
2001-10-23,-16.54562219553466,19.459810228539233,26.377780424049472,-12.713893005001083
2001-10-24,-17.010359198412385,19.69032179350417,28.184784688608257,-13.867939764039178
2001-10-25,-17.42113198731553,18.81117211563147,26.87415757401594,-15.204770885203901
2001-10-26,-15.794106996986063,17.826377264266554,27.356279611242623,-15.293864005600192
2001-10-27,-15.894416644702572,18.35037478228634,28.27999325021978,-15.463695532157038
2001-10-28,-15.204411727774756,18.178122136633085,28.860722891366038,-16.250429460668716
2001-10-29,-14.740996505235804,17.31560078379741,27.939669614261458,-16.8923958862712
2001-10-30,-14.247375083552646,15.802910205594005,28.667853479877955,-16.16388612443316
2001-10-31,-16.036664835063693,16.216739125339927,29.471714027105318,-17.30180409886689
2001-11-01,-15.770760177018717,15.834304773405295,29.417981029158415,-18.21087620580848
2001-11-02,-16.482874149651725,15.880473013483305,29.49096153783447,-18.30411077466633
2001-11-03,-16.112863376534165,17.154498243080138,27.977732806324806,-19.969278930336902
2001-11-04,-18.231836761943953,15.821321364381353,27.261174489258924,-18.30025956158094
2001-11-05,-18.201858664976054,16.277238154090124,26.103235961841175,-16.84841296935966
2001-11-06,-19.8450201538226,14.33582208420553,25.69293311870454,-17.12127352538696
2001-11-07,-18.635790474744944,15.60226647328978,28.153313613851463,-18.959081550380805
2001-11-08,-20.489692810922456,15.039784406716738,29.507112164044663,-19.10116588165743
2001-11-09,-20.25956660640267,15.064493790515735,30.5567664119681,-20.693618774771387
2001-11-10,-20.07211044483644,13.671206063940469,28.729474024338565,-20.726006564924862
2001-11-11,-20.133972091538237,13.455614426216949,27.810907144665133,-20.728351834925977
2001-11-12,-20.113990360261347,13.999659989367235,27.500084680213124,-20.76544931607883
2001-11-13,-20.48563984105914,12.748206195931703,27.166554384918324,-21.130459623707008
2001-11-14,-21.06666208316761,12.537955729820265,28.33477761657462,-22.559144072063656
2001-11-15,-20.54822562218584,15.681214749409964,28.9997749629432,-21.84783950839433
2001-11-16,-20.452552088552306,17.598216484919462,28.981744997910106,-22.61003574937056
2001-11-17,-19.233249514246868,17.468378075035744,27.672548303105533,-23.232155957677044
2001-11-18,-18.88822997709975,16.742869625742784,27.1709920894179,-25.58096750953733
2001-11-19,-18.93233283674534,17.53815205007152,27.816940234790497,-26.26314874722195
2001-11-20,-20.440339596887412,18.103638844295602,27.945663413960034,-25.839829434354268
2001-11-21,-18.06820858678629,15.13102567103986,27.22911148310852,-26.226940337764006
2001-11-22,-19.194162612973393,16.867765586064998,25.908938629177097,-24.83867886793281
2001-11-23,-20.88835431156731,16.62617445648847,25.942894065373604,-25.186550911920122
2001-11-24,-19.57642151373685,16.51108767322005,25.50735690125912,-25.07094958720805
2001-11-25,-20.119042441171942,16.7875445862474,23.731158346279784,-23.85887232892668
2001-11-26,-20.661644085149153,17.007046827862222,23.428917821257155,-23.216902153465398
2001-11-27,-19.469653216831137,17.94856713014804,21.56961566341138,-23.11845169160109
2001-11-28,-18.504158602307182,17.58014130781662,19.702397600293246,-23.059160719833933
2001-11-29,-17.518860737353712,17.639593350843302,18.536561117914697,-21.30675799085377
2001-11-30,-15.772982508710285,17.406924736203113,18.332583392783157,-21.759860594788208
2001-12-01,-15.0987259990991,17.131404035321957,19.108032614597704,-21.831253653831123
2001-12-02,-15.303942816732047,17.234474663512817,19.30188331638207,-21.33670117910253
2001-12-03,-14.755182159406626,16.42279515666043,19.17311467571978,-21.18411757412189
2001-12-04,-14.984780609764876,18.107246848657592,21.023777145698222,-21.205774953243118
2001-12-05,-16.39079058029309,18.204005408128445,19.90508825492457,-22.139474180092744
2001-12-06,-16.268197058507464,17.323019322232994,20.34963251690189,-21.0759856891564
2001-12-07,-18.79995089463577,17.506374205697323,20.396968058718635,-20.29073073320152
2001-12-08,-17.85228244611471,17.79401750611118,20.19638413280577,-22.026981391611343
2001-12-09,-17.77628899051902,19.82817853308544,20.45172026528913,-21.90107378675038
2001-12-10,-17.076163799603396,20.570143650487996,21.173544855324376,-22.24336845767943
2001-12-11,-16.851476799375284,21.375571350722918,21.915928870427308,-21.61405722469147
2001-12-12,-16.785837839916294,20.91683969415859,20.13525086127656,-20.392679425313894
2001-12-13,-15.282739979808625,20.31747588462633,20.370859984533215,-19.777784439559728
2001-12-14,-15.155838019675723,21.812085352515055,21.240084424099308,-19.346402776605128
2001-12-15,-15.026233978548387,21.860530548539067,22.530572395087088,-18.43512322625016
2001-12-16,-16.122260959673408,23.077671268643737,21.70049858396492,-17.501312724124755
2001-12-17,-15.40796615564158,22.44908594209362,21.33090472074665,-17.417305713761913
2001-12-18,-15.989080161612888,21.881036043158577,19.550466915345766,-16.983723773135424
2001-12-19,-16.680159564399467,20.452634279018838,18.487730016727483,-16.993504246537032
2001-12-20,-17.92083970110122,21.35635575670258,18.096437935829087,-16.710297571426388
2001-12-21,-18.05422807194709,22.87897471237296,18.84503977964334,-15.258707706304204
2001-12-22,-17.060430485377694,22.88120989672999,19.293133078015458,-14.465397302800536
2001-12-23,-17.749275338674064,22.553158531048183,19.536139536984848,-14.75364780798925
2001-12-24,-17.522765394859814,20.98992638011907,20.23401461353604,-15.073696466711601
2001-12-25,-15.541690452070485,22.429299338624215,19.621163406758342,-15.611900044218283
2001-12-26,-14.545664944106893,20.947569359547927,21.38403825471468,-16.946885255115
2001-12-27,-14.593405568182241,22.40925105009058,20.667534336894718,-15.576917636624302
2001-12-28,-14.34345421623781,22.946885385247796,22.252692456800442,-14.921941761710599
2001-12-29,-15.434564949071195,23.138039147962846,22.911912849671392,-13.361038726761532
2001-12-30,-14.478741214972636,21.67845894589525,23.325498697130907,-14.603913266584108
2001-12-31,-14.54000951289572,21.776284894573656,23.042119568800956,-15.163161445762968
2002-01-01,-13.692723849025592,21.478175474295107,24.82115946362627,-13.927801004923525
2002-01-02,-14.852693114722367,20.660448421996342,24.169868888603503,-13.53069139956955
2002-01-03,-15.979650075287939,22.591510517686057,24.98201090680507,-12.64653520064338
2002-01-04,-16.6257420686629,24.597300531039,25.76029757403227,-13.072216008545007
2002-01-05,-16.32328619709293,21.717521021988368,25.234250981999594,-14.266818751252574
2002-01-06,-17.185770071497082,21.771714757050017,24.251359883520525,-13.77603176579881
2002-01-07,-17.10910795718879,21.30709031341005,24.09327998337138,-13.794961123703073
2002-01-08,-16.428922136566396,20.93613148638187,23.982114672671262,-13.790242008210097
2002-01-09,-14.5318722417955,21.67282854997506,22.704333379462376,-13.495009882252853
2002-01-10,-15.538800968109303,22.427805717128678,23.40751519114619,-14.394423238432259
2002-01-11,-14.836752082183592,21.624758452043558,24.592382735318076,-14.530177169924881
2002-01-12,-13.442805844528,22.397080719996186,23.533794827251814,-17.473631446425717
2002-01-13,-14.720825622668583,21.719425151482483,25.184359538415748,-17.32690175291874
2002-01-14,-15.68671489147729,23.87916789258294,24.274727649986932,-18.686752665387758
2002-01-15,-15.993101904671464,25.999129143467286,23.773712481809312,-18.810969640563528
2002-01-16,-17.039206750116207,26.84111185556034,25.32535291350966,-18.633144336172368
2002-01-17,-16.42397996859501,26.522916150231463,21.906153851599672,-17.70808803344351
2002-01-18,-16.301223653791435,26.02241623186762,21.9917997498248,-18.97105503358412
2002-01-19,-16.052810293172733,27.857717643761156,20.985622825167116,-20.744573082221706
2002-01-20,-13.873100119553605,28.70952965510644,22.300704177233847,-19.740053075583948
2002-01-21,-14.815118697710865,29.92319229011908,20.38075808462104,-17.58103950198188
2002-01-22,-16.33120798762742,30.731870439792015,21.62511384153762,-17.890599993619652
2002-01-23,-16.32967494387068,30.84284305182739,20.11781428069152,-17.112699540797674
2002-01-24,-16.15900376113111,31.183388518762474,19.21508081414878,-16.867813148376438
2002-01-25,-15.515652610667725,30.952138054980388,20.669860882794154,-16.68971368331416
2002-01-26,-14.877994623365101,30.80935735696399,19.445727074516824,-16.6936496331477
2002-01-27,-14.53920112118553,31.141891306552942,17.821968063522576,-19.160232106785376
2002-01-28,-14.468166724100165,31.36666880838796,16.287028030175158,-18.715140147249024
2002-01-29,-13.465251873052523,31.286063983374742,16.58462692984129,-18.04263521199885
2002-01-30,-13.288085612819845,30.28863096857049,15.940557863593154,-17.705759433655487
2002-01-31,-12.345414740166841,31.052343419341096,14.458169120913535,-17.001264029232747
2002-02-01,-13.823205297304087,32.29301376301458,15.952357336227768,-18.19457446084115
2002-02-02,-12.819193917210876,32.6158456292005,17.18102737246316,-18.88952122294051
2002-02-03,-12.835832632228113,32.74331164927096,16.72144616646506,-17.576501693123376
2002-02-04,-11.97733519289411,34.984223397781214,18.21104525556336,-17.019869225572034
2002-02-05,-12.9838591159417,35.065225747808995,17.154452143658293,-14.901967484441276
2002-02-06,-12.999298827299215,35.657816936665206,17.01499004351624,-15.95349378565569
2002-02-07,-13.370114085391384,35.764883233665074,16.749715695494732,-16.521122902757394
2002-02-08,-13.930396977190679,34.84791444183419,16.13457022262459,-15.610066649769514
2002-02-09,-13.245348503589003,36.034768033659056,17.02422196832364,-15.486246621232455
2002-02-10,-14.735951366600268,35.24226753660161,18.53998339764874,-15.164509079355764
2002-02-11,-15.234690850985855,34.75537867511245,18.091931224201282,-15.259902586101584
2002-02-12,-15.40788595757644,36.45822199740413,17.66973104176433,-16.286006054782227
2002-02-13,-13.039348398469745,37.406964530994706,18.06347651501603,-16.96367360945582
2002-02-14,-14.689931944125798,36.91765411931466,17.528606826916082,-17.944121480365485
2002-02-15,-14.416927984258741,37.14178731814025,17.034275728823864,-17.095385801758773
2002-02-16,-14.04572663484828,37.15078358222168,16.497755707029864,-19.16522108063159
2002-02-17,-14.067560682776294,38.13452784483924,17.383457769473587,-20.01637058718085
2002-02-18,-15.952756218123211,37.28296868792585,15.922439371225254,-19.250340669851735
2002-02-19,-15.6037850402531,38.07202911911511,15.840901023657711,-19.722799929566424
2002-02-20,-14.983369675191652,38.096165145384695,17.65423412478817,-19.788204932393292
2002-02-21,-14.155574715395105,40.04784969357225,18.30274003037997,-19.260819121351034
2002-02-22,-14.608827165871281,38.48134565185755,19.399367064158607,-18.618477926010346
2002-02-23,-15.027986785724819,37.64512967863903,18.367978408648078,-19.361732000155744
2002-02-24,-15.796791683317366,39.77132697252971,18.749833595640215,-18.98808848693234
2002-02-25,-14.810397569502346,39.47798870524053,18.81236501829881,-18.483150119487735
2002-02-26,-13.510230355452475,41.08238709946739,20.836491628299466,-17.60941206449707
2002-02-27,-14.543263699122367,41.56405020214819,21.717716415839373,-17.809221597168637
2002-02-28,-15.854109258357088,40.643472474353906,23.169032775860664,-21.757193156463437
2002-03-01,-16.361379315484633,41.518767579207484,20.87313316449489,-21.453706624650838
2002-03-02,-18.410111811056964,42.21599889037566,20.774482638580903,-20.81152154217549
2002-03-03,-19.443819994282443,41.739603420203174,20.304355450607677,-21.199750878072283
2002-03-04,-19.012020348757222,41.55826539871404,19.365576059864512,-21.510512383020256
2002-03-05,-19.05240776273018,42.98853884275741,17.721276681053173,-21.15411042808682
2002-03-06,-19.87418647998546,42.20807175035036,19.166669063829016,-19.813838749648056
2002-03-07,-20.058109937972816,40.66848978433148,20.33353419649795,-18.837473694731976
2002-03-08,-18.84918392742994,40.867281055166295,21.814593222386716,-20.540434226635018
2002-03-09,-19.710103239710364,39.93956787698166,22.438870780285484,-20.596246800194606
2002-03-10,-20.07741616338684,40.86601432865178,21.928343688537502,-19.84955205334751
2002-03-11,-20.572393571364877,41.081571515233954,22.514564780179136,-19.536925343081172
2002-03-12,-20.80877160642128,41.42973094806551,24.04376757618024,-19.70628012894364
2002-03-13,-20.254803861650444,40.13341193835394,24.657656479170125,-19.277523117370787
2002-03-14,-20.49383963975232,40.10163201389439,25.228742429600395,-19.017776095660505
2002-03-15,-19.709387500697765,39.92601554435799,25.76360892945345,-16.682233130443052
2002-03-16,-20.764988165971562,40.218472148179714,26.508671610465747,-15.832319340259003
2002-03-17,-21.079608591995825,42.96934786513906,26.436078684222426,-14.843008297714594
2002-03-18,-20.291090494551604,43.42588121902464,25.806174405144446,-15.66955452424681
2002-03-19,-17.810533064658216,43.25601347493484,24.877812300945617,-16.878554227421414
2002-03-20,-18.782880645723772,42.39439592247374,25.628298896424848,-16.354330467707825
2002-03-21,-18.821395085139788,42.7556777302333,26.39268339434672,-17.138620157479224
2002-03-22,-17.563608910956418,42.881929096524686,26.34300700610247,-17.902228023005335
2002-03-23,-18.949203143722688,41.97489498097174,27.642344696892554,-17.318754276490363
2002-03-24,-17.438532624060098,39.23822250587301,28.23807254213098,-16.19589679475932
2002-03-25,-19.422389220898264,39.329446249601105,26.788590518318596,-16.471378362393246
2002-03-26,-18.775977241318206,38.70983190211783,26.80496425935134,-16.27683521793667
2002-03-27,-19.47242634568312,38.534957904107735,25.88135868955981,-15.484679384201101
2002-03-28,-18.860655835940598,39.15783871623496,23.27198751007642,-14.509235664179654
2002-03-29,-19.54742974270168,38.86023170720259,24.286153555344836,-15.771188207354326
2002-03-30,-19.336603951717898,40.09523731192788,22.861454393968685,-13.480217841806834
2002-03-31,-20.55924853409543,39.749964665243645,22.503105353990392,-12.734711914409203
2002-04-01,-21.74074547862843,41.70822104167355,24.04537856390913,-13.673497116223315
2002-04-02,-22.138473285119527,41.252652502176325,24.209864966679277,-13.893405044233718
2002-04-03,-22.680175982984856,40.53015916097175,24.36587117738295,-11.493555805570418
2002-04-04,-23.212020022834803,41.844907715829024,24.937859447721458,-12.660679574213297
2002-04-05,-24.83506795814291,44.84399163954182,24.274029785286082,-12.034199084825577
2002-04-06,-24.781192629121488,44.49903469989986,24.32969002947389,-11.734107618412688
2002-04-07,-24.41600850088324,45.287656047393,25.057670908006855,-12.084730569853594
2002-04-08,-23.9375001383609,44.47836080450072,25.60157066534648,-12.471655338910097
2002-04-09,-25.511878317610993,44.074967346393215,26.7783921663325,-13.086373750469022
2002-04-10,-25.811835111063367,43.0729718531724,26.540135716699844,-14.579249317626306
2002-04-11,-26.673393203034312,43.11189931636783,25.212455355438973,-14.470614472180626
2002-04-12,-27.265474389504995,44.387242256906156,25.245719490893332,-14.370738996161002
2002-04-13,-25.622915376200847,44.619065983585024,24.830660220085885,-13.152734833983033
2002-04-14,-28.143114244530715,45.613990838612736,26.0196589317289,-13.3740858944644
2002-04-15,-28.03344372401644,46.24732053483499,25.921455722981165,-12.895207247353122
2002-04-16,-27.620037626835792,44.92485937642575,25.600725826376454,-12.356624520681029
2002-04-17,-27.914187362395673,44.37769020838727,26.02373311985669,-11.607598224003944
2002-04-18,-28.750501865988625,44.809643437734245,26.500075423620785,-11.817613025012896
2002-04-19,-28.28577841290497,44.55891599156009,25.03413375492366,-11.603569592766709
2002-04-20,-27.09236455058612,43.88850256062754,24.165950885331544,-14.135422051529668
2002-04-21,-26.01353172389913,43.724938006072726,24.519959899441364,-14.805444973689992
2002-04-22,-26.439526912051136,44.49933509225438,23.88710814723134,-15.069072133743749
2002-04-23,-26.291797820730913,44.46469110696372,23.964484522253542,-15.351625613798612
2002-04-24,-26.543357444954065,44.057123854789815,22.054503033589477,-15.842992386073858
2002-04-25,-27.16871431090587,45.44912136327537,21.735089360656364,-16.597369244336925
2002-04-26,-29.17969676922385,45.351327396339435,22.107655884275488,-15.14253237548216
2002-04-27,-28.27581906088368,46.97160342818138,22.506439038522746,-14.881483343824017
2002-04-28,-28.54168083944906,45.939784543581084,22.207392480251933,-15.195005494889358
2002-04-29,-27.778629655505622,45.37304051473359,20.488009129978643,-12.85121994127376
2002-04-30,-27.525549588631804,45.68326742798698,19.916771594271104,-12.749511245314116
2002-05-01,-26.322755215728765,43.37328201867514,19.372686780361644,-14.311574196636627
2002-05-02,-25.830109163896594,42.260577419109595,18.382106421840675,-13.801706820586391
2002-05-03,-24.502213701891574,44.838811754009896,17.072819108510824,-13.718158901550476
2002-05-04,-23.73960026558511,45.197324954185966,17.20069621557467,-14.709965932416825
2002-05-05,-23.004618229085658,44.33464961076928,18.289432325692694,-14.042401943788537
2002-05-06,-22.364973734487535,43.10044002244041,20.16077502253427,-13.463072906996825
2002-05-07,-21.315683996363436,42.324421970919644,20.41772819369339,-15.787161704828293
2002-05-08,-22.546746826709132,43.33350817917434,19.682310863701094,-15.88143020675561
2002-05-09,-22.600756346662354,42.595025414948296,17.58511823615195,-14.939928275259431
2002-05-10,-20.93621809762844,44.17026922881189,18.37233019596982,-15.441014847935179
2002-05-11,-20.350862979829397,43.49384733140928,18.409033942553528,-14.848458067898989
2002-05-12,-20.90340947951214,42.81817055858415,16.843181489188755,-14.476385501819443
2002-05-13,-20.20685996551683,44.85481987307984,15.686695947745806,-16.100948178097077
2002-05-14,-19.31099949721494,45.124317483114815,14.857557318736664,-16.055256101674427
2002-05-15,-18.733656748738838,46.13726202340625,13.803530050210478,-15.950634719642169
2002-05-16,-19.078304717902952,45.34829444205274,14.514365879052601,-15.187282765895954
2002-05-17,-19.273490099190727,45.1298638794613,12.864075793639506,-17.328966722653313
2002-05-18,-19.844659195205942,45.10460811980694,13.387543203810647,-17.911368424802376
2002-05-19,-19.110606716972075,47.37793204292505,13.827495901529566,-16.6503908837478
2002-05-20,-20.229943045925083,46.605269819014865,13.751925779238967,-16.578716484489647
2002-05-21,-19.412669866702604,46.90706477037335,13.410666046807323,-17.49034540145171
2002-05-22,-18.996742282089112,47.22893260559822,12.579659237637417,-19.0195134704039
2002-05-23,-19.355551790500144,48.7564951704518,13.45942455651743,-19.031567902696263
2002-05-24,-19.920278305110703,48.973974877238085,13.484075916086958,-18.5495628632439
2002-05-25,-19.960019721867997,49.84523502252218,13.825609516311433,-18.81914671687597
2002-05-26,-19.513025255852508,49.790731924887865,12.384658365039819,-19.02352138124332
2002-05-27,-19.54909658248488,50.83581323337848,12.715882616628194,-19.718470583713493
2002-05-28,-20.00527362994113,50.6734039071286,14.482695791976548,-20.191869499278297
2002-05-29,-20.02142155265591,52.80716858697298,12.636617051149578,-19.76345736087565
2002-05-30,-19.70397192320394,53.25053375644263,13.06304258922224,-20.914579659761213
2002-05-31,-19.67625771087228,54.11000767835685,14.456316389761326,-21.002425384450053
2002-06-01,-20.178663708588754,53.38724422920114,13.958840677006858,-21.08166156163369
2002-06-02,-19.98464988830779,53.96389534625163,13.814276969836804,-23.035480378286177
2002-06-03,-19.813679531646624,52.20402194787986,13.266433955904406,-21.791983597142856
2002-06-04,-19.593917547727386,51.45494745910669,13.311101599396027,-23.075315713435234
2002-06-05,-19.365475489749088,50.90691877573842,13.671498316108549,-23.726721510482662
2002-06-06,-20.12880980321758,50.22362402702356,13.711579180199468,-24.42900902314021
2002-06-07,-19.305264086380145,50.853363072137,14.590223698474803,-24.880752039312753
2002-06-08,-19.253934837215677,52.25296675572919,14.6420675658344,-25.129461594304917
2002-06-09,-19.24238709302369,51.35187842935907,13.15069301577375,-24.64933544594054
2002-06-10,-17.43214783502025,53.210341029258835,12.168122385760313,-24.899882437705767
2002-06-11,-18.547273224074473,53.80082253434969,12.523494710728794,-25.409286678608204
2002-06-12,-19.42913674240267,52.766701922380385,12.915382149443458,-24.656591066082402
2002-06-13,-20.28277161472068,53.37055210382916,14.579765937739118,-25.28042719808806
2002-06-14,-22.611905052760797,52.67310383780444,13.872255834754752,-24.06089757107614
2002-06-15,-22.597603088263018,51.610874761133694,14.697100983881898,-23.29287917927307
2002-06-16,-22.322670032237543,51.406662432295505,16.034693551291248,-23.546865689132087
2002-06-17,-23.6625439714397,50.480747136691164,16.296909429734466,-24.763492166958354
2002-06-18,-22.835226090482685,51.371438896007646,15.551827138912234,-24.723083595411083
2002-06-19,-24.07489146275128,53.31755937077631,14.907774285686118,-24.50131807442679
2002-06-20,-25.026091323541294,52.785014030366696,13.99228160845643,-23.808231161825322
2002-06-21,-26.387313877127962,52.74669017176663,14.138466761951742,-22.77281906669636
2002-06-22,-26.140717916159748,52.42964518589348,13.813342071819134,-21.1765890696666
2002-06-23,-27.22913286430692,54.236686770235316,13.560837853683498,-22.676293105421273
2002-06-24,-25.815222585731977,52.57233855008697,12.368561260957426,-23.415840835768794
2002-06-25,-25.66048493842798,53.823978695988586,11.250894334999018,-23.402948318508663
2002-06-26,-28.900714593098,54.82049374602052,11.86070748300551,-23.529097274680943
2002-06-27,-26.54751364450112,54.54650300970869,12.55029461394255,-22.35751706775904
2002-06-28,-26.84973081049263,55.93756839379198,12.882717242874035,-20.384187039950547
2002-06-29,-27.727758131720787,54.555667395412776,13.018340822964413,-18.90438294027478
2002-06-30,-27.45939677771424,53.553018212519696,12.339222531770556,-18.134597568661302
2002-07-01,-31.494649831157943,54.54689430691647,11.520348353985959,-17.987529237626628
2002-07-02,-31.549492158214843,55.29488252645538,12.910692491883038,-19.39907519204334
2002-07-03,-31.080964851008304,55.62000948643265,13.421261912974572,-17.335396633100338
2002-07-04,-32.35887063337147,54.309799575477044,14.69947973772755,-18.164576763802838
2002-07-05,-31.813062331685515,53.67803492436643,15.014048828302368,-17.461516038421532
2002-07-06,-31.32071143400032,53.1773050520374,13.664065924622264,-17.950451119296243
2002-07-07,-31.22635728262827,52.21471397363878,12.36827845005762,-19.23912179664699
2002-07-08,-32.63500128754865,52.370223590650205,13.392000331901404,-18.410581521283056
2002-07-09,-31.44996487820915,51.99075214235232,11.838434759912108,-17.64787530647088
2002-07-10,-31.758317950535336,52.901660682183966,10.82035583960321,-18.273786661900903
2002-07-11,-31.370929769282867,52.37173529706371,11.195422267925462,-19.223747446087685
2002-07-12,-29.171520143564393,53.693324404828765,11.241643068008063,-19.128454008593504
2002-07-13,-30.509601841794133,54.145689445146175,12.431694562806719,-18.50930528679506
2002-07-14,-30.92379964183752,55.433439378163875,10.602175582601603,-18.93294930504295
2002-07-15,-31.34808514643023,55.588243265455276,9.433105716322034,-19.66106449764233
2002-07-16,-30.447162913730196,54.27619185982212,8.217132398339984,-18.476490618601527
2002-07-17,-30.70841925530036,55.56366440536272,7.6986649801713956,-18.019587931534332
2002-07-18,-28.764818690041125,56.143588630138055,8.107002898708885,-18.681828650626095
2002-07-19,-29.285897990186303,56.99121606809784,6.095138998284634,-17.70345362480992
2002-07-20,-29.038198838517832,58.631174782346605,6.413779615954425,-17.234375051614045
2002-07-21,-28.47695842487847,57.73129622345512,6.94072558945953,-16.665312209706347
2002-07-22,-28.174657936107323,58.97544767040662,7.949683667938185,-16.097797201175517
2002-07-23,-28.41647093463752,58.17935152382067,8.081182724001938,-15.805520084714873
2002-07-24,-28.42399157103504,58.99543949745351,8.975751293754788,-15.183743872135588
2002-07-25,-27.853542236923726,58.478866119303845,9.386187724535995,-14.944890044833667
2002-07-26,-27.834519857328534,58.785456526898955,10.051054300640084,-16.40260314069732
2002-07-27,-25.86839369132344,57.279676735426115,10.86006448057965,-16.495020178532258
2002-07-28,-26.43725994892758,58.528580464604225,11.406597103133699,-17.782973968729554
2002-07-29,-27.754806099114585,58.32817804340883,12.161216446067595,-16.17827588612995
2002-07-30,-26.986541406175288,58.79364933488993,12.450171379564447,-14.912454683222588
2002-07-31,-27.271735244086475,57.985312391457846,13.48505627590796,-14.207366456592252
2002-08-01,-27.028337469817014,58.836888293473514,13.324314641491002,-14.041701726264277
2002-08-02,-26.81841195547094,57.9962419522019,11.957023845307244,-14.266615847091677
2002-08-03,-27.435201537555006,58.83079619007683,12.923300688716306,-13.103885725539989
2002-08-04,-28.429025560023362,59.41519520045897,13.954765852607776,-11.893519326249477
2002-08-05,-28.049300179287858,58.739285971019065,14.562938064406916,-12.777831041877434
2002-08-06,-27.753548050664637,56.53259461493139,14.86616521323649,-13.309178174235022
2002-08-07,-29.67869739995353,54.91741029764059,14.98687312816038,-13.427693298545705
2002-08-08,-28.811761493327428,55.91464322877053,14.193539747977686,-13.504397358518496
2002-08-09,-27.29330091215153,56.94065557265876,14.368470670851634,-13.300612630583714
2002-08-10,-25.832082781030522,57.54393255922935,12.362106461427627,-13.235321507597778
2002-08-11,-24.81114212845668,57.831850703276636,12.090134170589069,-15.088383808101504
2002-08-12,-24.76139303204023,57.28763962654332,13.082303554166765,-17.824263761070632
2002-08-13,-25.312862803316076,57.64447427274798,13.893592388632076,-17.519431996154985
2002-08-14,-24.033289527469652,57.60330212376782,12.857106054032748,-16.466899443305845
2002-08-15,-23.880997586349867,57.05298407311022,13.411330268663878,-18.122315932920447
2002-08-16,-23.754153220505152,55.977534286244286,14.246359954525047,-17.65899088170529
2002-08-17,-22.609805740085783,55.47038797461776,13.916955591381555,-17.979249515575404
2002-08-18,-21.18586895860865,55.362998939469904,14.935076681266821,-18.585214907765717
2002-08-19,-20.020976959728234,55.23189304112381,14.390560247611642,-17.09208681859575
2002-08-20,-20.153225355617316,56.322957791047386,14.229839456459034,-18.596663571608563
2002-08-21,-22.105780694090473,57.555877128378924,13.548220606052041,-18.033895030269633
2002-08-22,-23.3756284768729,59.39999922037062,13.8283095692601,-17.340766105093323
2002-08-23,-23.493827821734623,58.89962631900109,13.398849253426642,-17.696504165348255
2002-08-24,-21.6443045891449,57.61775168672988,12.339131171682737,-18.880996841133438
2002-08-25,-21.671021260009308,57.09132871768788,12.01320859270238,-17.18904521755818
2002-08-26,-20.45152647614219,57.25891115638501,9.956450964142338,-17.38550313196475
2002-08-27,-21.23014141254094,57.14328844456446,10.442248724682598,-18.00534444623068
2002-08-28,-20.8593095242305,59.34048442957321,11.071006851372292,-17.50144605668495
2002-08-29,-21.021067124434033,58.71828184296562,10.934435457868123,-17.64627940851788
2002-08-30,-20.80317028739911,60.97498073107849,8.935287761883727,-18.96036212880133
2002-08-31,-21.736219435767932,62.738911812049636,8.529803614025296,-17.60976887164375
2002-09-01,-22.396270962378217,63.501396951788934,9.250618315955348,-18.891043911117247
2002-09-02,-24.17817650316442,64.08566729137978,10.570283474248251,-18.9220547268754
2002-09-03,-26.10081962277364,65.8593631256812,9.357957504612061,-19.148308901177835
2002-09-04,-26.30462264137493,64.87972025534692,7.5351850190182255,-19.761886062601686
2002-09-05,-26.592728247186237,64.6718663829935,8.258139230262692,-18.994103050143398
2002-09-06,-26.339666660325825,65.71517597633256,9.052866227308794,-19.780593778733795
2002-09-07,-27.639564349191954,64.14560078711399,10.195765819154872,-18.413372289424935
2002-09-08,-26.22346548876018,63.53151242509119,9.861945068645019,-18.914587599914853
2002-09-09,-26.776252822194607,64.60413316871777,10.652794495515446,-18.894667352563534
2002-09-10,-26.425116919357034,65.02500907700816,12.17395877490339,-19.40245878961216
2002-09-11,-26.18340836014433,63.87726111156102,12.082670620586203,-20.12120173231221
2002-09-12,-25.652901951450943,64.22521508346641,12.238624515313152,-18.919812663944022
2002-09-13,-24.873647129791756,64.36654306747806,11.64210315886571,-16.86655590199811
2002-09-14,-25.877888478791053,64.77036940434276,13.333324522003318,-18.54269576624334
2002-09-15,-26.009330082353195,65.37830057199025,13.312305856768003,-19.408251664763455
2002-09-16,-26.020546830256936,65.21784385949951,14.23699521976069,-18.801651778895557
2002-09-17,-28.000632582301684,65.84620399667753,14.381744729868748,-16.801169405521737
2002-09-18,-28.399638619135057,65.93453844670705,14.974370348459225,-17.079734769106658
2002-09-19,-28.374865766570608,66.44317998732075,14.198346935463418,-16.874652461372282
2002-09-20,-27.79676176600491,64.49549031113615,16.22944670680404,-15.87144305612441
2002-09-21,-26.33477583114566,62.787473825732356,17.03413487213086,-14.072189337439552
2002-09-22,-26.19474254528116,61.10029276632496,17.158395797973373,-15.936010995857881
2002-09-23,-25.56369006360398,60.56773729382885,17.509895002280835,-15.942908471824145
2002-09-24,-27.3356665527933,61.68348929627329,17.246664029391304,-16.772423503615947
2002-09-25,-28.572620130503903,61.76802737318314,16.51678901334765,-17.666467001163227
2002-09-26,-29.82715905316746,62.51423803806314,15.863779134385593,-18.212282806190206
